userid,firstname,lastname,date_of_birth,gender,dept,NomborKadPengenalan
1000,Tara,Murphy,15/4/1982,Male,Finance,820415-44-3031
1001,Sarah,Reyes,4/8/1967,Female,Quality,670804-33-4038
1002,Brandon,Lee,14/1/2000,Male,Quality,000114-33-3033
1003,Jonathan,Stone,22/7/1971,Female,Operations,710722-99-4040
1004,Alexandra,Lopez,24/5/1990,Male,Marketing,900524-88-3035
1005,Ethan,House,29/1/1975,Female,Information Technology,750129-77-4042
1006,Kim,Vega,29/11/2005,Female,Operations,051129-99-4044
1007,Matthew,Jones,13/7/1960,Male,Human Resources,600713-66-3037
1008,Paul,Smith,8/5/1992,Female,Finance,920508-44-4046
1009,Timothy,Holloway,9/4/1983,Male,Information Technology,830409-77-3039
1010,Harold,Villa,19/9/1975,Female,Marketing,750919-88-4048
1011,Edward,Cox,29/6/1996,Female,Human Resources,960629-66-4050
1012,Frederick,Cruz,9/3/1973,Male,Operations,730309-99-3041
1013,Jasmine,Alvarez,19/3/1971,Male,Human Resources,710319-66-3043
1014,Benjamin,Mason,9/7/1989,Male,Human Resources,890709-66-3045
1015,Adrienne,Rodriguez,5/9/2005,Female,Marketing,050905-88-4052
1016,Kristina,Daugherty,8/2/2001,Female,Marketing,010208-88-4054
1017,Ashley,Alexander,6/9/1978,Male,Information Technology,780906-77-3047
1018,Dana,Berry,29/7/2006,Male,Finance,060729-44-3049
1019,Sarah,Wolfe,28/10/1966,Female,Marketing,661028-88-4056
1020,Andrew,Shields,29/9/1958,Male,Information Technology,580929-77-3051
1021,Felicia,Jones,15/3/1972,Female,Quality,720315-33-4058
1022,James,Espinoza,4/7/2001,Female,Operations,010704-99-4060
1023,Ethan,Mitchell,28/5/1992,Female,Human Resources,920528-66-4062
1024,Brian,Stein,19/6/1966,Female,Human Resources,660619-66-4064
1025,Meagan,Wolf,6/7/1956,Male,Information Technology,560706-77-3053
1026,Robert,Frye,30/10/1970,Male,Finance,701030-44-3055
1027,Christopher,Fernandez,28/10/1962,Male,Finance,621028-44-3057
1028,Theodore,James,29/1/1994,Female,Marketing,940129-88-4066
1029,Tracy,Brown,14/4/1999,Female,Operations,990414-99-4068
1030,Michele,Jackson,17/8/1963,Male,Finance,630817-44-3059
1031,Brian,Gray,15/2/1958,Male,Marketing,580215-88-3061
1032,Anita,Leon,26/4/1955,Male,Information Technology,550426-77-3063
1033,Carl,Norris,21/9/1983,Male,Human Resources,830921-66-3065
1034,Jack,Hill,10/1/1957,Female,Finance,570110-44-4070
1035,Annette,Sullivan,22/4/1955,Male,Marketing,550422-88-3067
1036,Cynthia,Hall,25/6/1987,Female,Marketing,870625-88-4072
1037,Jill,Rodriguez,25/6/1974,Female,Information Technology,740625-77-4074
1038,Nancy,Taylor,11/11/1979,Female,Finance,791111-44-4076
1039,Danielle,Skinner,20/11/1962,Male,Finance,621120-44-3069
1040,Rachel,Richardson,28/8/1994,Male,Human Resources,940828-66-3071
1041,Bruce,Klein,24/9/1955,Female,Information Technology,550924-77-4078
1042,Robin,Pittman,30/10/1955,Male,Finance,551030-44-3073
1043,Randall,Jensen,30/6/1978,Female,Finance,780630-44-4080
1044,Lindsey,Kelley,5/10/1974,Male,Quality,741005-33-3075
1045,Michael,Brown,6/11/1996,Male,Marketing,961106-88-3077
1046,Michael,Acevedo,9/2/1996,Female,Quality,960209-33-4082
1047,Kelly,Castillo,18/5/1983,Male,Information Technology,830518-77-3079
1048,Jeanne,Green,30/4/1993,Male,Quality,930430-33-3081
1049,Carl,Carter,30/6/1987,Female,Information Technology,870630-77-4084
1050,Toni,Andrews,19/12/1953,Female,Information Technology,531219-77-4086
1051,Alejandro,Sharp,3/12/1961,Male,Finance,611203-44-3083
1052,Vanessa,Brooks,3/3/1969,Female,Finance,690303-44-4088
1053,Zachary,Bowers,29/7/2001,Male,Human Resources,010729-66-3085
1054,Jackie,Taylor,21/2/1989,Female,Marketing,890221-88-4090
1055,Alyssa,Jenkins,14/10/1998,Male,Finance,981014-44-3087
1056,Craig,Johnson,18/8/1967,Male,Human Resources,670818-66-3089
1057,Timothy,Edwards,3/1/1994,Female,Operations,940103-99-4092
1058,Shawn,Smith,1/1/1957,Male,Quality,570101-33-3091
1059,Dawn,Collier,20/2/1984,Male,Finance,840220-44-3093
1060,Jeffrey,Francis,14/6/1970,Male,Finance,700614-44-3095
1061,Ashley,Moore,28/3/1957,Male,Human Resources,570328-66-3097
1062,Alicia,Escobar,26/12/1984,Female,Marketing,841226-88-4094
1063,Mary,Green,6/3/1964,Male,Operations,640306-99-3099
1064,Robin,Adkins,6/9/1955,Male,Operations,550906-99-3101
1065,Sheila,Bell,30/3/1966,Female,Quality,660330-33-4096
1066,Kimberly,Craig,20/4/2001,Male,Human Resources,010420-66-3103
1067,Carly,Thompson,2/5/1967,Male,Human Resources,670502-66-3105
1068,Alexandra,Bullock,30/4/1995,Male,Operations,950430-99-3107
1069,Guy,Gonzales,29/3/1993,Male,Operations,930329-99-3109
1070,Cassandra,Robles,12/3/1968,Male,Quality,680312-33-3111
1071,Ashley,Monroe,12/11/1961,Male,Human Resources,611112-66-3113
1072,Christopher,Riggs,13/1/1969,Female,Human Resources,690113-66-4098
1073,Megan,Harris,28/6/1988,Male,Marketing,880628-88-3115
1074,Amber,Barrett,22/10/1999,Male,Operations,991022-99-3117
1075,Beth,Johnson,24/3/1993,Male,Quality,930324-33-3119
1076,Amy,Martinez,29/5/2002,Male,Quality,020529-33-3121
1077,Kari,Rosario,11/1/1994,Female,Information Technology,940111-77-4100
1078,Maurice,Navarro,17/3/1970,Female,Marketing,700317-88-4102
1079,Daniel,Fletcher,16/6/1980,Female,Finance,800616-44-4104
1080,Aaron,Howard,18/4/1989,Female,Marketing,890418-88-4106
1081,Morgan,Peterson,11/3/1992,Male,Human Resources,920311-66-3123
1082,Vincent,Morton,15/9/2001,Male,Information Technology,010915-77-3125
1083,Tammy,Blevins,30/11/1979,Male,Finance,791130-44-3127
1084,Phillip,Guerra,20/1/1974,Male,Finance,740120-44-3129
1085,Christopher,Davis,3/7/1964,Female,Marketing,640703-88-4108
1086,Kevin,Jones,4/4/2000,Female,Quality,000404-33-4110
1087,Erin,Thomas,7/6/1998,Male,Marketing,980607-88-3131
1088,Karen,Perez,21/7/1987,Male,Operations,870721-99-3133
1089,Stephen,Powell,17/3/1990,Female,Human Resources,900317-66-4112
1090,Anne,Butler,16/8/1996,Female,Finance,960816-44-4114
1091,Steven,Stewart,6/1/1983,Female,Human Resources,830106-66-4116
1092,Jacob,Duncan,11/5/1967,Male,Human Resources,670511-66-3135
1093,Anna,Lee,13/1/1962,Female,Operations,620113-99-4118
1094,Oscar,Burns,4/4/1974,Male,Quality,740404-33-3137
1095,Edward,Smith,3/11/1979,Male,Human Resources,791103-66-3139
1096,Jason,Evans,22/2/1985,Female,Quality,850222-33-4120
1097,Michelle,Medina,13/6/2004,Male,Human Resources,040613-66-3141
1098,Robert,Bennett,9/12/1994,Female,Information Technology,941209-77-4122
1099,Nicholas,Greene,16/8/1972,Male,Human Resources,720816-66-3143
1100,John,Scott,11/4/1979,Female,Quality,790411-33-4124
1101,Richard,Hess,23/6/1974,Female,Marketing,740623-88-4126
1102,Alexis,Phillips,2/7/1988,Female,Information Technology,880702-77-4128
1103,Jennifer,Clark,26/1/1984,Male,Human Resources,840126-66-3145
1104,Ashley,Walker,7/4/1998,Female,Information Technology,980407-77-4130
1105,Michelle,Jones,1/4/2000,Female,Information Technology,000401-77-4132
1106,Mark,Williams,8/1/1984,Male,Quality,840108-33-3147
1107,Adrian,Tanner,29/8/1984,Male,Operations,840829-99-3149
1108,Brian,Anderson,18/8/1986,Female,Marketing,860818-88-4134
1109,Diane,Cooper,4/12/1956,Male,Information Technology,561204-77-3151
1110,Danielle,Parsons,27/6/2006,Female,Information Technology,060627-77-4136
1111,David,Nichols,8/10/1986,Male,Finance,861008-44-3153
1112,Joshua,Gallegos,27/11/1969,Female,Operations,691127-99-4138
1113,Darren,Aguilar,18/11/1982,Male,Marketing,821118-88-3155
1114,Donald,Schaefer,13/11/1962,Female,Finance,621113-44-4140
1115,Michelle,Stokes,1/3/1995,Male,Operations,950301-99-3157
1116,Richard,Rodriguez,14/9/1981,Male,Finance,810914-44-3159
1117,Christina,Wiggins,30/6/1985,Male,Marketing,850630-88-3161
1118,Patricia,Flores,5/5/1995,Female,Human Resources,950505-66-4142
1119,Samantha,Johnson,27/11/1958,Female,Information Technology,581127-77-4144
1120,Kathleen,Rodriguez,30/7/1959,Male,Marketing,590730-88-3163
1121,Gail,Maldonado,18/10/1962,Female,Human Resources,621018-66-4146
1122,Kenneth,Nguyen,22/4/1976,Female,Operations,760422-99-4148
1123,Beth,Cabrera,22/11/1954,Male,Human Resources,541122-66-3165
1124,Courtney,Davis,16/12/1984,Male,Operations,841216-99-3167
1125,Victoria,Rivera,4/11/1991,Female,Operations,911104-99-4150
1126,Latasha,Johnson,22/6/1988,Male,Quality,880622-33-3169
1127,Justin,Solomon,7/8/1995,Female,Quality,950807-33-4152
1128,Benjamin,Thompson,16/4/1983,Female,Information Technology,830416-77-4154
1129,Ryan,Sexton,15/8/1959,Female,Information Technology,590815-77-4156
1130,Miguel,Goodwin,15/12/1968,Female,Marketing,681215-88-4158
1131,Taylor,Garrett,19/8/1973,Male,Quality,730819-33-3171
1132,Oscar,Morales,1/2/1977,Male,Operations,770201-99-3173
1133,Kathryn,Holt,12/2/1960,Male,Quality,600212-33-3175
1134,Erika,Rodriguez,10/1/1985,Male,Finance,850110-44-3177
1135,Jesse,Payne,30/10/1961,Female,Operations,611030-99-4160
1136,Laura,Yang,28/6/1977,Male,Marketing,770628-88-3179
1137,Kevin,Cooper,5/12/1969,Male,Marketing,691205-88-3181
1138,Alexandria,Brooks,10/6/1994,Female,Human Resources,940610-66-4162
1139,Joshua,Smith,6/4/1990,Female,Finance,900406-44-4164
1140,Ashley,Schneider,2/5/2001,Male,Human Resources,010502-66-3183
1141,David,Pittman,6/1/1964,Female,Information Technology,640106-77-4166
1142,Matthew,Nguyen,3/12/1996,Female,Finance,961203-44-4168
1143,Samuel,Lozano,12/9/1973,Male,Marketing,730912-88-3185
1144,Amanda,Johnson,25/7/1963,Female,Finance,630725-44-4170
1145,Pamela,Richardson,2/5/1967,Female,Marketing,670502-88-4172
1146,Michelle,Martin,14/8/1994,Male,Quality,940814-33-3187
1147,Casey,Smith,4/1/2005,Male,Information Technology,050104-77-3189
1148,Shawn,Avila,6/2/1989,Female,Marketing,890206-88-4174
1149,Melissa,Day,14/2/2000,Male,Human Resources,000214-66-3191
1150,Aaron,Collins,20/10/1998,Male,Operations,981020-99-3193
1151,Paul,Griffin,22/2/1964,Male,Human Resources,640222-66-3195
1152,Janice,Hughes,17/5/1988,Female,Finance,880517-44-4176
1153,Teresa,Lewis,9/9/1981,Female,Finance,810909-44-4178
1154,Kelly,White,4/1/1974,Female,Information Technology,740104-77-4180
1155,Christopher,Hancock,20/4/2003,Female,Human Resources,030420-66-4182
1156,Andrew,Brown,7/1/1996,Female,Quality,960107-33-4184
1157,Christopher,Thomas,27/6/1998,Male,Finance,980627-44-3197
1158,Jessica,Christian,20/10/1962,Male,Quality,621020-33-3199
1159,Walter,White,17/10/1999,Female,Marketing,991017-88-4186
1160,Sandra,Barnes,19/3/2002,Female,Human Resources,020319-66-4188
1161,Patrick,Lawson,31/8/1969,Male,Human Resources,690831-66-3201
1162,Robert,Lowery,1/1/1983,Male,Information Technology,830101-77-3203
1163,Robin,Johnson,26/10/1985,Male,Quality,851026-33-3205
1164,Andrew,Ritter,6/2/1975,Female,Information Technology,750206-77-4190
1165,Christine,Sanders,1/7/1995,Female,Marketing,950701-88-4192
1166,Lisa,Goodman,12/8/1977,Female,Operations,770812-99-4194
1167,Bernard,Gregory,9/5/1957,Male,Marketing,570509-88-3207
1168,Christopher,Pierce,6/4/1995,Female,Quality,950406-33-4196
1169,Amber,Robertson,29/9/1982,Female,Information Technology,820929-77-4198
1170,Abigail,Goodman,18/10/1981,Male,Operations,811018-99-3209
1171,Sandra,Black,21/9/2002,Male,Operations,020921-99-3211
1172,Ronald,Skinner,21/1/1988,Male,Human Resources,880121-66-3213
1173,Patrick,Howard,30/11/1956,Female,Quality,561130-33-4200
1174,Sarah,Alexander,31/7/1989,Male,Quality,890731-33-3215
1175,Jason,Morris,14/10/1985,Male,Quality,851014-33-3217
1176,Kristie,Mathis,7/3/1999,Male,Marketing,990307-88-3219
1177,Thomas,Strickland,26/1/1971,Male,Information Technology,710126-77-3221
1178,Catherine,Mendez,4/2/2003,Male,Information Technology,030204-77-3223
1179,Michelle,Armstrong,19/12/2004,Male,Quality,041219-33-3225
1180,Mark,Jones,1/10/1987,Male,Human Resources,871001-66-3227
1181,Cheryl,Jones,26/8/1972,Male,Information Technology,720826-77-3229
1182,Harold,Bradford,13/5/1983,Male,Information Technology,830513-77-3231
1183,Brett,Zhang,18/10/1975,Female,Human Resources,751018-66-4202
1184,Theresa,Sharp,3/8/1973,Female,Quality,730803-33-4204
1185,Jason,Hansen,25/11/2005,Female,Human Resources,051125-66-4206
1186,Steven,Miller,5/4/1961,Male,Quality,610405-33-3233
1187,Emma,Gentry,18/9/1973,Female,Information Technology,730918-77-4208
1188,Veronica,Nolan,6/1/2001,Male,Information Technology,010106-77-3235
1189,Linda,Macias,23/3/2002,Female,Operations,020323-99-4210
1190,Samuel,Glover,25/4/1965,Male,Marketing,650425-88-3237
1191,Brianna,Carter,20/6/1984,Male,Information Technology,840620-77-3239
1192,Jerry,Hernandez,6/9/1965,Male,Human Resources,650906-66-3241
1193,Julie,Pittman,5/6/1958,Female,Finance,580605-44-4212
1194,Jeffrey,Dominguez,23/4/1957,Male,Marketing,570423-88-3243
1195,Jeremy,Hernandez,1/9/1954,Male,Operations,540901-99-3245
1196,Russell,Gonzalez,7/10/1980,Male,Marketing,801007-88-3247
1197,Christina,Luna,10/5/2001,Male,Information Technology,010510-77-3249
1198,Amber,Rush,26/12/1993,Male,Finance,931226-44-3251
1199,Amy,Stanton,11/9/1965,Male,Finance,650911-44-3253
1200,Bobby,Miller,5/12/1999,Male,Finance,991205-44-3255
1201,Kathleen,Pope,25/1/1991,Female,Marketing,910125-88-4214
1202,Becky,Huynh,28/7/1978,Female,Operations,780728-99-4216
1203,Amber,Richardson,2/8/1975,Male,Marketing,750802-88-3257
1204,Denise,Villarreal,19/4/1969,Female,Human Resources,690419-66-4218
1205,Stephen,Lee,27/5/1969,Male,Operations,690527-99-3259
1206,Kristen,Rivera,18/12/1984,Male,Human Resources,841218-66-3261
1207,Jodi,Thompson,24/11/1970,Male,Quality,701124-33-3263
1208,Carol,Estrada,17/1/1998,Female,Quality,980117-33-4220
1209,Mark,Leonard,28/4/1977,Female,Marketing,770428-88-4222
1210,Kimberly,Jackson,20/12/2003,Female,Marketing,031220-88-4224
1211,Anthony,Chen,6/3/2000,Male,Information Technology,000306-77-3265
1212,Sarah,Santos,4/10/1991,Male,Quality,911004-33-3267
1213,Matthew,Trujillo,20/12/1997,Female,Finance,971220-44-4226
1214,Heather,Peck,1/10/1969,Female,Operations,691001-99-4228
1215,Joshua,Thomas,26/4/1999,Female,Finance,990426-44-4230
1216,Stacey,Klein,24/8/1969,Female,Human Resources,690824-66-4232
1217,Tiffany,Flores,11/9/1987,Male,Finance,870911-44-3269
1218,Eric,Robertson,30/6/1993,Female,Marketing,930630-88-4234
1219,Vincent,Huff,26/6/1973,Male,Information Technology,730626-77-3271
1220,Meghan,Cox,15/2/1992,Female,Marketing,920215-88-4236
1221,Roger,Hart,21/7/1992,Female,Human Resources,920721-66-4238
1222,Kim,Alvarez,12/1/1957,Male,Quality,570112-33-3273
1223,Crystal,Carney,7/12/1993,Female,Human Resources,931207-66-4240
1224,Lindsey,Brooks,13/11/1953,Female,Human Resources,531113-66-4242
1225,Jason,Santiago,7/1/1974,Female,Human Resources,740107-66-4244
1226,Daniel,Allen,10/7/1984,Male,Operations,840710-99-3275
1227,Clifford,Ryan,18/3/1980,Female,Marketing,800318-88-4246
1228,Natalie,Hall,8/12/1988,Female,Information Technology,881208-77-4248
1229,Jessica,Clark,24/3/1986,Male,Finance,860324-44-3277
1230,Jamie,West,28/2/2000,Female,Quality,000228-33-4250
1231,Kristin,Davis,7/6/1955,Female,Operations,550607-99-4252
1232,Donald,Williams,27/11/1972,Female,Finance,721127-44-4254
1233,Jacqueline,Marks,12/6/1976,Male,Finance,760612-44-3279
1234,James,Jackson,21/4/1974,Male,Finance,740421-44-3281
1235,Lee,Moore,6/5/1993,Female,Human Resources,930506-66-4256
1236,Brian,Mann,7/11/1995,Female,Finance,951107-44-4258
1237,Eric,Nguyen,11/7/1959,Female,Operations,590711-99-4260
1238,Christy,Hall,22/10/1997,Male,Human Resources,971022-66-3283
1239,Adriana,Mills,22/1/1983,Male,Marketing,830122-88-3285
1240,Jessica,West,11/1/1974,Male,Finance,740111-44-3287
1241,Carol,Palmer,9/9/1997,Male,Human Resources,970909-66-3289
1242,Robert,Johnson,30/1/1966,Male,Quality,660130-33-3291
1243,William,Bailey,30/11/1972,Male,Marketing,721130-88-3293
1244,Christine,Lang,25/2/1978,Female,Quality,780225-33-4262
1245,Linda,Franklin,5/12/1982,Male,Information Technology,821205-77-3295
1246,Christopher,Gentry,12/4/1996,Female,Human Resources,960412-66-4264
1247,Jessica,Martinez,14/4/2004,Female,Information Technology,040414-77-4266
1248,Amy,Robinson,8/6/1974,Female,Marketing,740608-88-4268
1249,Raymond,Walker,3/10/1976,Male,Human Resources,761003-66-3297
1250,Jennifer,Murphy,9/9/2002,Male,Finance,020909-44-3299
1251,Jesse,Tapia,11/1/1962,Male,Finance,620111-44-3301
1252,Anthony,Thompson,25/11/1979,Male,Marketing,791125-88-3303
1253,Jacob,Rich,13/7/1967,Female,Information Technology,670713-77-4270
1254,Brandon,Montes,4/4/1985,Male,Finance,850404-44-3305
1255,Thomas,Kemp,8/12/1969,Male,Marketing,691208-88-3307
1256,Jill,Rivera,22/5/1974,Female,Operations,740522-99-4272
1257,Michele,Warren,5/1/2006,Female,Quality,060105-33-4274
1258,Heather,Thompson,31/7/1977,Male,Operations,770731-99-3309
1259,Crystal,Young,4/8/1978,Female,Quality,780804-33-4276
1260,Jennifer,Harris,14/12/1966,Male,Information Technology,661214-77-3311
1261,John,Mckinney,23/11/1995,Male,Information Technology,951123-77-3313
1262,James,Diaz,25/11/2004,Male,Information Technology,041125-77-3315
1263,Maxwell,Richardson,14/8/1982,Male,Human Resources,820814-66-3317
1264,Michael,Sanders,21/9/2002,Male,Finance,020921-44-3319
1265,Nicole,Hamilton,9/5/1976,Female,Quality,760509-33-4278
1266,Brittany,Richardson,30/12/1987,Male,Information Technology,871230-77-3321
1267,Mark,Miller,7/2/1993,Female,Information Technology,930207-77-4280
1268,Megan,Wright,21/10/1982,Female,Information Technology,821021-77-4282
1269,Jessica,Butler,12/4/1955,Male,Marketing,550412-88-3323
1270,Christopher,Bright,3/8/1960,Male,Human Resources,600803-66-3325
1271,Ryan,Oliver,26/4/1991,Male,Operations,910426-99-3327
1272,Lydia,Small,28/8/1995,Male,Information Technology,950828-77-3329
1273,Aaron,Mckinney,26/10/1968,Male,Human Resources,681026-66-3331
1274,Christopher,Moss,15/10/1999,Female,Human Resources,991015-66-4284
1275,Patricia,Haynes,23/6/1992,Female,Quality,920623-33-4286
1276,Jimmy,Page,12/3/1962,Male,Finance,620312-44-3333
1277,Michele,Price,20/5/1967,Female,Information Technology,670520-77-4288
1278,Russell,Cross,11/12/1999,Female,Marketing,991211-88-4290
1279,Charles,Swanson,24/6/1984,Male,Operations,840624-99-3335
1280,Jackson,Henderson,14/3/1964,Female,Information Technology,640314-77-4292
1281,Karen,Glenn,17/1/1971,Female,Marketing,710117-88-4294
1282,Amanda,Ramos,21/3/1991,Male,Information Technology,910321-77-3337
1283,Linda,Black,21/8/1971,Female,Finance,710821-44-4296
1284,Mark,Adams,30/9/1995,Female,Operations,950930-99-4298
1285,Johnathan,Gonzales,9/2/1970,Female,Information Technology,700209-77-4300
1286,Jared,Thomas,8/2/1991,Female,Information Technology,910208-77-4302
1287,Barbara,Brown,28/9/1975,Male,Marketing,750928-88-3339
1288,Austin,Patton,25/2/1999,Female,Human Resources,990225-66-4304
1289,Gail,Bender,15/7/1991,Female,Quality,910715-33-4306
1290,Michelle,Fitzpatrick,7/1/1970,Female,Quality,700107-33-4308
1291,Kimberly,Smith,28/2/1964,Male,Information Technology,640228-77-3341
1292,Albert,Miller,25/4/2006,Female,Operations,060425-99-4310
1293,David,Gonzalez,9/10/1977,Female,Human Resources,771009-66-4312
1294,Dylan,Santiago,4/5/1993,Female,Operations,930504-99-4314
1295,Mary,Duffy,30/8/2006,Male,Finance,060830-44-3343
1296,Vanessa,Blake,22/5/1970,Female,Operations,700522-99-4316
1297,Henry,Simon,17/6/1993,Male,Information Technology,930617-77-3345
1298,David,Wade,8/9/1996,Male,Quality,960908-33-3347
1299,Kristi,Jordan,13/9/1991,Female,Finance,910913-44-4318
1300,Amy,Jenkins,23/2/1995,Male,Information Technology,950223-77-3349
1301,Jasmin,Rogers,23/5/1975,Female,Operations,750523-99-4320
1302,David,Patterson,23/5/1992,Female,Marketing,920523-88-4322
1303,Stephanie,Byrd,11/6/1965,Male,Marketing,650611-88-3351
1304,Dana,Mckinney,6/10/2005,Female,Information Technology,051006-77-4324
1305,Nicole,Brewer,25/5/1974,Male,Quality,740525-33-3353
1306,Louis,Downs,29/9/1994,Female,Information Technology,940929-77-4326
1307,Robert,Williams,11/1/1956,Female,Finance,560111-44-4328
1308,Stephen,Carter,17/5/1987,Male,Information Technology,870517-77-3355
1309,Stacy,Schwartz,16/9/1994,Male,Finance,940916-44-3357
1310,John,Lopez,5/3/1993,Female,Human Resources,930305-66-4330
1311,Nicole,Small,13/5/1976,Female,Human Resources,760513-66-4332
1312,Michael,Schmidt,22/3/1963,Male,Quality,630322-33-3359
1313,Chloe,Scott,15/2/1959,Male,Marketing,590215-88-3361
1314,Linda,Dunn,14/10/1982,Female,Information Technology,821014-77-4334
1315,Beverly,Arnold,24/6/2003,Female,Finance,030624-44-4336
1316,Mary,Robinson,11/4/2001,Male,Quality,010411-33-3363
1317,Michael,Woods,15/1/2003,Male,Operations,030115-99-3365
1318,Angelica,Lee,12/5/1964,Female,Operations,640512-99-4338
1319,Jared,Jenkins,16/1/1976,Female,Finance,760116-44-4340
1320,Richard,Morrison,25/11/1973,Female,Operations,731125-99-4342
1321,Walter,Roberts,13/8/2003,Female,Operations,030813-99-4344
1322,Victoria,Castaneda,27/3/1989,Female,Finance,890327-44-4346
1323,Patricia,White,3/1/1970,Female,Quality,700103-33-4348
1324,Adrienne,Holmes,7/11/1968,Female,Information Technology,681107-77-4350
1325,Caitlin,Lynch,18/10/1974,Female,Finance,741018-44-4352
1326,Maurice,Turner,18/5/1958,Female,Marketing,580518-88-4354
1327,Richard,Weeks,16/1/1987,Male,Marketing,870116-88-3367
1328,Andrew,Stephens,5/3/1958,Male,Quality,580305-33-3369
1329,Lucas,Miller,14/6/1994,Male,Marketing,940614-88-3371
1330,Alyssa,Fernandez,3/5/1971,Male,Finance,710503-44-3373
1331,Sheena,Walls,17/2/1968,Female,Quality,680217-33-4356
1332,Joshua,Stephens,30/10/1954,Female,Operations,541030-99-4358
1333,Kelly,Perry,11/5/1960,Female,Quality,600511-33-4360
1334,Amy,Roth,1/4/2002,Female,Quality,020401-33-4362
1335,Robin,Brown,2/3/1962,Male,Information Technology,620302-77-3375
1336,David,Turner,23/7/1960,Male,Finance,600723-44-3377
1337,Julie,Grant,30/10/1960,Female,Finance,601030-44-4364
1338,Joel,Richards,5/12/1993,Female,Operations,931205-99-4366
1339,Lauren,Bennett,21/2/1954,Female,Operations,540221-99-4368
1340,Amanda,Cook,20/4/1997,Male,Operations,970420-99-3379
1341,Anthony,Torres,20/7/1959,Male,Quality,590720-33-3381
1342,Brenda,Johns,30/5/2005,Female,Quality,050530-33-4370
1343,Ashley,Anthony,19/1/1981,Female,Information Technology,810119-77-4372
1344,Kathleen,Perry,12/11/2004,Female,Information Technology,041112-77-4374
1345,Ivan,Nielsen,18/12/1964,Female,Quality,641218-33-4376
1346,Doris,Hopkins,22/2/1974,Female,Operations,740222-99-4378
1347,Stephen,Roberts,12/12/1999,Male,Operations,991212-99-3383
1348,Jennifer,Haynes,4/12/1962,Male,Finance,621204-44-3385
1349,Thomas,Reynolds,22/11/1971,Male,Information Technology,711122-77-3387
1350,David,Pugh,17/6/1991,Male,Information Technology,910617-77-3389
1351,Billy,Mckinney,2/9/1970,Female,Marketing,700902-88-4380
1352,Lisa,Booker,27/7/1989,Female,Finance,890727-44-4382
1353,Rick,Winters,28/3/1989,Female,Marketing,890328-88-4384
1354,Michelle,Morgan,3/2/1994,Female,Human Resources,940203-66-4386
1355,Justin,Grimes,6/9/1978,Female,Operations,780906-99-4388
1356,April,Sanders,14/9/1962,Male,Human Resources,620914-66-3391
1357,Kristi,Perez,29/9/1981,Female,Marketing,810929-88-4390
1358,Cesar,Solomon,2/1/1967,Female,Human Resources,670102-66-4392
1359,Kathryn,Dyer,7/8/2002,Male,Finance,020807-44-3393
1360,Scott,Martinez,26/10/1964,Male,Marketing,641026-88-3395
1361,Matthew,Moore,17/8/1981,Male,Finance,810817-44-3397
1362,Jennifer,Adkins,2/1/1967,Female,Quality,670102-33-4394
1363,Denise,Williams,8/9/1954,Female,Human Resources,540908-66-4396
1364,Melissa,Gonzalez,20/2/1966,Male,Operations,660220-99-3399
1365,Austin,Freeman,30/9/1983,Female,Operations,830930-99-4398
1366,Julie,Cooper,27/9/1974,Male,Quality,740927-33-3401
1367,Kayla,Bentley,21/3/1997,Female,Human Resources,970321-66-4400
1368,Rebecca,Potter,30/9/1966,Female,Human Resources,660930-66-4402
1369,Debra,Hall,3/10/1983,Female,Finance,831003-44-4404
1370,John,Knight,21/10/1978,Male,Operations,781021-99-3403
1371,Tiffany,Gordon,26/2/1973,Female,Finance,730226-44-4406
1372,James,Young,31/12/1997,Female,Human Resources,971231-66-4408
1373,Julie,Lambert,20/8/1966,Male,Marketing,660820-88-3405
1374,Sarah,Ayala,3/4/1977,Female,Finance,770403-44-4410
1375,Marie,Fowler,3/12/1999,Male,Quality,991203-33-3407
1376,Angela,Williams,12/9/1980,Male,Operations,800912-99-3409
1377,Melvin,Jackson,18/4/1960,Female,Operations,600418-99-4412
1378,Lisa,Ellis,21/11/1975,Male,Quality,751121-33-3411
1379,Monique,Lynn,31/8/1968,Female,Human Resources,680831-66-4414
1380,Justin,Bryant,10/4/1973,Female,Information Technology,730410-77-4416
1381,Mark,Bell,5/4/1991,Male,Quality,910405-33-3413
1382,Molly,Jimenez,30/11/1992,Female,Finance,921130-44-4418
1383,Renee,Allen,12/2/1973,Female,Marketing,730212-88-4420
1384,Marissa,Arroyo,3/3/2006,Male,Human Resources,060303-66-3415
1385,Anthony,Garrett,12/11/1958,Female,Information Technology,581112-77-4422
1386,Michael,Olson,21/9/1962,Female,Finance,620921-44-4424
1387,Chris,Johnson,8/12/1981,Male,Information Technology,811208-77-3417
1388,Terrence,Graham,5/12/1970,Male,Quality,701205-33-3419
1389,Jeffery,Walker,10/2/1967,Female,Marketing,670210-88-4426
1390,Donna,Rodriguez,12/9/1956,Male,Human Resources,560912-66-3421
1391,Laura,Miller,14/6/1997,Female,Human Resources,970614-66-4428
1392,Joseph,Martin,7/3/1984,Female,Information Technology,840307-77-4430
1393,Cameron,Nelson,1/2/1982,Male,Quality,820201-33-3423
1394,Valerie,Griffith,26/5/1977,Female,Quality,770526-33-4432
1395,Jennifer,Johnson,10/11/1972,Female,Information Technology,721110-77-4434
1396,Matthew,Hall,1/12/2003,Female,Marketing,031201-88-4436
1397,Kenneth,Hinton,3/12/1977,Male,Quality,771203-33-3425
1398,Kelli,Anderson,12/12/1991,Female,Marketing,911212-88-4438
1399,Anthony,Green,30/7/1971,Male,Information Technology,710730-77-3427
1400,Kristen,Mitchell,4/10/1983,Male,Information Technology,831004-77-3429
1401,Kathleen,Romero,1/9/1976,Female,Operations,760901-99-4440
1402,Monica,Rodriguez,17/2/1960,Male,Quality,600217-33-3431
1403,Cameron,Green,11/8/1970,Female,Operations,700811-99-4442
1404,Philip,Johnson,24/1/1983,Male,Quality,830124-33-3433
1405,Michael,Stewart,19/9/1994,Male,Marketing,940919-88-3435
1406,Julie,Sherman,6/1/1997,Female,Operations,970106-99-4444
1407,Roberto,Price,25/12/1990,Female,Operations,901225-99-4446
1408,Lauren,Young,31/1/1962,Male,Operations,620131-99-3437
1409,Ronald,Rivera,6/8/1986,Female,Operations,860806-99-4448
1410,Taylor,Wilson,3/4/2003,Female,Human Resources,030403-66-4450
1411,Bruce,Meyers,6/5/1961,Female,Human Resources,610506-66-4452
1412,William,Young,11/3/1954,Male,Marketing,540311-88-3439
1413,Daniel,Stevenson,27/4/1976,Male,Marketing,760427-88-3441
1414,Wesley,Ward,7/11/1970,Male,Quality,701107-33-3443
1415,Michael,Murillo,26/5/1961,Female,Operations,610526-99-4454
1416,Phillip,Rodriguez,7/1/1978,Female,Operations,780107-99-4456
1417,Samantha,Booth,14/12/1977,Female,Marketing,771214-88-4458
1418,Charles,Williams,29/1/1967,Male,Marketing,670129-88-3445
1419,Tamara,Webb,26/10/1954,Female,Quality,541026-33-4460
1420,Kayla,Brewer,8/2/1973,Male,Marketing,730208-88-3447
1421,Matthew,Hunter,2/12/1971,Female,Human Resources,711202-66-4462
1422,Richard,Case,16/9/1968,Female,Operations,680916-99-4464
1423,Michelle,Freeman,18/7/2006,Male,Information Technology,060718-77-3449
1424,William,Gordon,17/3/1960,Female,Human Resources,600317-66-4466
1425,Justin,Graham,28/6/1973,Male,Finance,730628-44-3451
1426,Jason,Garcia,9/8/1959,Male,Marketing,590809-88-3453
1427,Cameron,Newman,22/10/2004,Female,Operations,041022-99-4468
1428,Melissa,Santiago,21/9/1995,Female,Quality,950921-33-4470
1429,Brittany,Weiss,10/10/1975,Female,Marketing,751010-88-4472
1430,Miguel,Simon,18/12/1971,Female,Human Resources,711218-66-4474
1431,Justin,Decker,30/3/2002,Male,Operations,020330-99-3455
1432,Christine,Gates,14/4/1987,Male,Information Technology,870414-77-3457
1433,Katrina,Steele,8/9/1984,Male,Human Resources,840908-66-3459
1434,Rebecca,Hammond,3/1/1973,Female,Human Resources,730103-66-4476
1435,Sara,Wright,6/7/1967,Female,Information Technology,670706-77-4478
1436,Lisa,Bowman,31/7/2004,Female,Human Resources,040731-66-4480
1437,Paula,Ellis,15/12/1982,Male,Finance,821215-44-3461
1438,Rebecca,Calderon,29/4/2002,Female,Operations,020429-99-4482
1439,John,Baker,6/7/1979,Female,Finance,790706-44-4484
1440,Daniel,Bryant,26/6/1977,Male,Information Technology,770626-77-3463
1441,Shannon,Daugherty,14/12/1964,Female,Operations,641214-99-4486
1442,Katie,Finley,19/6/1982,Male,Quality,820619-33-3465
1443,Patrick,Bird,10/9/2000,Male,Finance,000910-44-3467
1444,Maria,Thomas,17/12/1955,Female,Marketing,551217-88-4488
1445,Joshua,Sampson,27/11/1974,Male,Information Technology,741127-77-3469
1446,James,Perry,2/4/2004,Female,Marketing,040402-88-4490
1447,Randy,Potts,16/12/1956,Female,Human Resources,561216-66-4492
1448,David,Jones,2/2/1996,Male,Quality,960202-33-3471
1449,Sean,Reed,14/5/1994,Female,Operations,940514-99-4494
1450,Lauren,Newman,19/4/1986,Female,Finance,860419-44-4496
1451,Jacob,Kirk,16/12/1958,Male,Marketing,581216-88-3473
1452,Diana,Kelly,29/8/1966,Male,Operations,660829-99-3475
1453,David,Williams,30/9/1975,Male,Marketing,750930-88-3477
1454,Anna,Nguyen,16/3/1996,Male,Finance,960316-44-3479
1455,Carla,Mendoza,19/4/1973,Male,Information Technology,730419-77-3481
1456,Lori,Russell,18/7/1974,Male,Operations,740718-99-3483
1457,Emily,Murray,1/6/1986,Male,Human Resources,860601-66-3485
1458,Michael,Brooks,2/4/1968,Male,Operations,680402-99-3487
1459,Sandra,Brown,26/10/1973,Female,Information Technology,731026-77-4498
1460,Phillip,Bell,2/3/1993,Female,Information Technology,930302-77-4500
1461,Elizabeth,Kim,18/5/1997,Male,Information Technology,970518-77-3489
1462,Matthew,Navarro,26/8/1955,Female,Human Resources,550826-66-4502
1463,Tyler,Smith,11/12/1971,Female,Quality,711211-33-4504
1464,Jennifer,Nelson,28/4/1990,Female,Operations,900428-99-4506
1465,Sarah,Meza,28/6/2001,Female,Human Resources,010628-66-4508
1466,April,Carr,30/12/1988,Female,Human Resources,881230-66-4510
1467,Teresa,Morgan,19/12/1988,Male,Operations,881219-99-3491
1468,Emily,Carter,27/11/1984,Female,Human Resources,841127-66-4512
1469,Clarence,Erickson,24/12/1986,Female,Finance,861224-44-4514
1470,Timothy,Sanders,21/3/1998,Female,Finance,980321-44-4516
1471,Taylor,Reyes,17/5/1998,Male,Operations,980517-99-3493
1472,Laura,Shelton,24/11/1958,Male,Operations,581124-99-3495
1473,Malik,Lee,22/5/1991,Female,Marketing,910522-88-4518
1474,David,Huang,22/7/1990,Female,Information Technology,900722-77-4520
1475,Angela,Lopez,12/6/1982,Female,Finance,820612-44-4522
1476,Andrew,Thomas,10/5/1969,Female,Information Technology,690510-77-4524
1477,Susan,Ibarra,9/7/2000,Female,Quality,000709-33-4526
1478,Michael,Norman,7/5/1954,Female,Information Technology,540507-77-4528
1479,Alexis,Murphy,24/12/1965,Male,Operations,651224-99-3497
1480,Amy,Clark,2/12/1991,Female,Finance,911202-44-4530
1481,Frederick,Martin,20/1/1987,Male,Marketing,870120-88-3499
1482,Kathleen,Baker,18/4/1959,Female,Quality,590418-33-4532
1483,Rita,Williams,4/3/1976,Female,Operations,760304-99-4534
1484,Lance,Edwards,30/10/1961,Female,Operations,611030-99-4536
1485,Mark,Davis,29/3/1987,Female,Information Technology,870329-77-4538
1486,Kyle,Perez,1/4/1956,Female,Marketing,560401-88-4540
1487,Mark,Johnson,31/5/1972,Female,Quality,720531-33-4542
1488,Frances,Hunter,24/9/1967,Male,Operations,670924-99-3501
1489,Kevin,Phelps,29/11/1965,Male,Operations,651129-99-3503
1490,John,Scott,16/1/1971,Male,Information Technology,710116-77-3505
1491,Christine,Hancock,12/8/1972,Male,Quality,720812-33-3507
1492,Angela,Miller,27/12/1954,Male,Operations,541227-99-3509
1493,Dean,Berger,12/8/2003,Female,Quality,030812-33-4544
1494,Tiffany,Johnson,18/10/1979,Female,Finance,791018-44-4546
1495,Kari,Young,14/2/1996,Male,Marketing,960214-88-3511
1496,Nicolas,Gonzalez,4/2/1999,Male,Finance,990204-44-3513
1497,Ryan,Cruz,11/8/1998,Male,Human Resources,980811-66-3515
1498,Samantha,Miller,15/12/2005,Female,Marketing,051215-88-4548
1499,Margaret,Leach,27/1/1956,Male,Information Technology,560127-77-3517
